Auteur 1.2.1,Contenu 1.2.1,[]///Commentaire 1///Commentaire 2///Commentaire 3///Commentaire 4///Commentaire B///Commentaire Alpha
Auteur 2,Contenu 2,[]
Auteur 3.1,Contenu 3.1,[]
Auteur 4,Contenu 4,[]
Hatem,Omar a prit un petit dejeuner,[]///Com///Tonton Omar///Tonton Omar mange des pates
AAA,BBB,[]
Auteur Bootstrap,Potin Bootstrap,[]///Test///Test 2///test 3
Test 1907,Test 1907csdadTest 1907csdadTest 1907csdadTest 1907csdadTest 1907csdadTest 1907csdadTest 1907csdadTest 1907csdadTest 1907csdadTest 1907csdadTest 1907csdad,[]
ABCDE,,[]
ABCD,EFGH,[]
